Workbook
Name CUSTID: Datasheet!$E$4
Name CUSTSN: Datasheet!$H$4
Name DESCRIPTION: Datasheet!$B$3
Name Field_01: Datasheet!$F$10
Name Field_02: Datasheet!$G$10
Name Field_03: Datasheet!$H$10
Name Field_04: Datasheet!$I$10
Name Field_05: Datasheet!$J$10
Name Field_06: Datasheet!$K$10
Name MANUFACTURER: Datasheet!$B$2
Name MODEL: Datasheet!$E$2
Name PROCEDURE: Datasheet!$B$10
Name SN: Datasheet!$B$4
Name WONUM: Datasheet!$H$1

Sheet Datasheet
B1: JM Test Systems, Inc. | E1: Calibration Data Sheet
B5: Function / Range | E5: Out | F5: Measured Value | H5: Acceptance Limits
B6: Test Description | C6: Nominal Value | E6: * | F6: AS FOUND | G6: AS LEFT | H6: LOW | J6: HIGH
B8: TEST RESULT | F8: =IF(COUNTIF(E14:E28,"~*")>0, "Fail", "Pass") -> Pass | G8: =IF(COUNTIF(M14:M28,"~*")>0, "Fail", "Pass") -> Pass | J8: =IF(M30>0,"Status: Incomplete","") -> Status: Incomplete
B10: I/A/W MFR Procedure
B12: Milliamp Process Clamp Meter
B14: Backlight Test | E14: =IF(F14="Fail","*", " ") | G14: N/A | H14: Pass | J14: Fail | M14: =IF(G14="Fail","*", " ")
B15: Display Test | E15: =IF(F15="Fail","*", " ") | G15: N/A | H15: Pass | J15: Fail | M15: =IF(G15="Fail","*", " ")
B16: Keypad Test | E16: =IF(F16="Fail","*", " ") | G16: N/A | H16: Pass | J16: Fail | M16: =IF(G16="Fail","*", " ")
B17: Spotlight Test | E17: =IF(F17="Fail","*", " ") | G17: N/A | H17: Pass | J17: Fail | M17: =IF(G17="Fail","*", " ")
B19: DC Current Tests | H19: ± 0.2% of RDG + 5D
B20: 20.99 mA | C20: 4 | D20: mA | E20: =IF(AND(F20>=H20,F20<=J20),"",IF(OR(F20="",F20="N/A"),"","*")) | G20: N/A | H20: =(C20-L20) -> 3.94 | I20: =(D20) -> mA | J20: =(L20+C20) -> 4.06 | K20: =(D20) -> mA | L20: =ROUND(0.2%*ABS(C20)+0.05,2) -> 0.06 | M20: =IF(AND(G20>=H20,G20<=J20),"",IF(OR(G20="",G20="N/A"),"","*")) | P20: *Zero between each reading and
C21: -4 | D21: mA | E21: =IF(AND(F21>=H21,F21<=J21),"",IF(OR(F21="",F21="N/A"),"","*")) | G21: N/A | H21: =(C21-L21) -> -4.06 | I21: =(D21) -> mA | J21: =(L21+C21) -> -3.94 | K21: =(D21) -> mA | L21: =ROUND(0.2%*ABS(C21)+0.05,2) -> 0.06 | M21: =IF(AND(G21>=H21,G21<=J21),"",IF(OR(G21="",G21="N/A"),"","*")) | P21: allow settling time before zeroing
C22: 12 | D22: mA | E22: =IF(AND(F22>=H22,F22<=J22),"",IF(OR(F22="",F22="N/A"),"","*")) | G22: N/A | H22: =(C22-L22) -> 11.93 | I22: =(D22) -> mA | J22: =(L22+C22) -> 12.07 | K22: =(D22) -> mA | L22: =ROUND(0.2%*ABS(C22)+0.05,2) -> 0.07 | M22: =IF(AND(G22>=H22,G22<=J22),"",IF(OR(G22="",G22="N/A"),"","*"))
C23: -12 | D23: mA | E23: =IF(AND(F23>=H23,F23<=J23),"",IF(OR(F23="",F23="N/A"),"","*")) | G23: N/A | H23: =(C23-L23) -> -12.07 | I23: =(D23) -> mA | J23: =(L23+C23) -> -11.93 | K23: =(D23) -> mA | L23: =ROUND(0.2%*ABS(C23)+0.05,2) -> 0.07 | M23: =IF(AND(G23>=H23,G23<=J23),"",IF(OR(G23="",G23="N/A"),"","*"))
C24: 20 | D24: mA | E24: =IF(AND(F24>=H24,F24<=J24),"",IF(OR(F24="",F24="N/A"),"","*")) | G24: N/A | H24: =(C24-L24) -> 19.91 | I24: =(D24) -> mA | J24: =(L24+C24) -> 20.09 | K24: =(D24) -> mA | L24: =ROUND(0.2%*ABS(C24)+0.05,2) -> 0.09 | M24: =IF(AND(G24>=H24,G24<=J24),"",IF(OR(G24="",G24="N/A"),"","*"))
C25: -20 | D25: mA | E25: =IF(AND(F25>=H25,F25<=J25),"",IF(OR(F25="",F25="N/A"),"","*")) | G25: N/A | H25: =(C25-L25) -> -20.09 | I25: =(D25) -> mA | J25: =(L25+C25) -> -19.91 | K25: =(D25) -> mA | L25: =ROUND(0.2%*ABS(C25)+0.05,2) -> 0.09 | M25: =IF(AND(G25>=H25,G25<=J25),"",IF(OR(G25="",G25="N/A"),"","*"))
H26: ± 1.0% of RDG + 5D
B27: 99.9 mA | C27: 100 | D27: mA | E27: =IF(AND(F27>=H27,F27<=J27),"",IF(OR(F27="",F27="N/A"),"","*")) | G27: N/A | H27: =(C27-L27) -> 98.5 | I27: =(D27) -> mA | J27: =(L27+C27) -> 101.5 | K27: =(D27) -> mA | L27: =ROUND(1%*C27+0.5,1) -> 1.5 | M27: =IF(AND(G27>=H27,G27<=J27),"",IF(OR(G27="",G27="N/A"),"","*"))
C28: -100 | D28: mA | E28: =IF(AND(F28>=H28,F28<=J28),"",IF(OR(F28="",F28="N/A"),"","*")) | G28: N/A | H28: =(C28-L28) -> -101.5 | I28: =(D28) -> mA | J28: =(L28+C28) -> -98.5 | K28: =(D28) -> mA | L28: =ROUND(1%*ABS(C28)+0.5,1) -> 1.5 | M28: =IF(AND(G28>=H28,G28<=J28),"",IF(OR(G28="",G28="N/A"),"","*"))
L30: Blank Cell Check | M30: =COUNTBLANK(F14:G17)+COUNTBLANK(F20:G25)+COUNTBLANK(F27:G28) -> 12 | N30: =IF(M30>0,"Fail","Pass") -> Fail

Sheet Accredited
B1: JM Test Systems, Inc. | E1: Calibration Data Sheet | H1: =(WONUM) -> 0 | O1: 4 | P1: Color coded formatting for t.u.r.
B2: =(MANUFACTURER) -> 0 | E2: =(MODEL) -> 0 | O2: =FIXED(U15,2-(1+INT(LOG10(ABS(U15)))),TRUE)
B3: =(DESCRIPTION) -> 0 | O3: This formula automatically rounds to two significant figures, regardless of how many decimal places
B4: =(SN) -> 0 | E4: =(CUSTID) -> 0 | H4: =(CUSTSN) -> 0
B5: Function/Range | E5: Out | F5: Measured Value | H5: Acceptance | I5: Uncertainty | J5: T.U.R.
B6: Test Description | D6: Nominal Value | E6: ! | F6: As-Found | G6: As-Left | H6: Limits | I6: (K=2) | J6: ( if < 4:1 )
B8: TEST RESULT: | F8: =(Datasheet!F8) -> Pass | G8: =(Datasheet!G8) -> Pass | H8: =Datasheet!J8 -> Status: Incomplete
B10: =(PROCEDURE) -> I/A/W MFR Procedure
B11: =T(Datasheet!B11) | H11: =T(Datasheet!H11)
B12: =T(Datasheet!B12) -> Milliamp Process Clamp Meter | H12: =T(Datasheet!H12)
B13: =T(Datasheet!B13) | H13: =T(Datasheet!H13)
B14: =T(Datasheet!B14) -> Backlight Test | E14: =IF(Datasheet!E14="*","!","") | F14: =T(Datasheet!F14) | G14: =T(Datasheet!G14) -> N/A | H14: ="Pass/Fail" -> Pass/Fail
B15: =T(Datasheet!B15) -> Display Test | E15: =IF(Datasheet!E15="*","!","") | F15: =T(Datasheet!F15) | G15: =T(Datasheet!G15) -> N/A | H15: ="Pass/Fail" -> Pass/Fail
B16: =T(Datasheet!B16) -> Keypad Test | E16: =IF(Datasheet!E16="*","!","") | F16: =T(Datasheet!F16) | G16: =T(Datasheet!G16) -> N/A | H16: ="Pass/Fail" -> Pass/Fail
B17: =T(Datasheet!B17) -> Spotlight Test | E17: =IF(Datasheet!E17="*","!","") | F17: =T(Datasheet!F17) | G17: =T(Datasheet!G17) -> N/A | H17: ="Pass/Fail" -> Pass/Fail | M17: (3.3 to 33) mA | N17: 0.018% + 0.25 µA
B18: =T(Datasheet!B18) | H18: =T(Datasheet!H18)
B19: =T(Datasheet!B19) -> DC Current Tests | H19: =T(Datasheet!H19) -> ± 0.2% of RDG + 5D | K19: no. of digits | L19: tol± | M19: Std. range | N19: % rdg. | O19: Rng. floor | P19: limits± | Q19: k=1 | R19: resol. | S19: resol/sqrt(12) | T19: r.s.s. | U19: k=2 | V19: rounded | W19: t.u.r.
B20: =T(Datasheet!B20) -> 20.99 mA | C20: =Datasheet!C20 -> 4 | D20: =(Datasheet!D20) -> mA | E20: =IF(Datasheet!E20="*","!","") | F20: =IF(CELL("type",Datasheet!F20)="v",FIXED(Datasheet!F20,K20,TRUE),T(Datasheet!F20)) | G20: =IF(CELL("type",Datasheet!G20)="v",FIXED(Datasheet!G20,K20,TRUE),T(Datasheet!G20)) -> N/A | H20: ="±"&FIXED(Datasheet!L20,K20)&" "&D20 -> ±0.06 mA | I20: =V20&" "&D20 -> 0.0059 mA | J20: =IF(W20<4,W20,"") | K20: 2 | L20: =Datasheet!L20 -> 0.06 | M20: 33 mA | N20: 0.018 | O20: 0.00025 | P20: =(ABS(C20)*N20*0.01)+O20 -> 0.00097 | Q20: =P20/2 -> 0.000485 | R20: =10^-K20 -> 0.01 | S20: =R20/SQRT(12) -> 0.0028867513 | T20: =SQRT(Q20^2+S20^2) -> 0.00292721 | U20: =T20*2 -> 0.00585442 | V20: =FIXED(U20,2-(1+INT(LOG10(ABS(U20)))),TRUE) -> 0.0059 | W20: =L20/V20 -> 10.169492
B21: =T(Datasheet!B21) | C21: =Datasheet!C21 -> -4 | D21: =(Datasheet!D21) -> mA | E21: =IF(Datasheet!E21="*","!","") | F21: =IF(CELL("type",Datasheet!F21)="v",FIXED(Datasheet!F21,K21,TRUE),T(Datasheet!F21)) | G21: =IF(CELL("type",Datasheet!G21)="v",FIXED(Datasheet!G21,K21,TRUE),T(Datasheet!G21)) -> N/A | H21: ="±"&FIXED(Datasheet!L21,K21)&" "&D21 -> ±0.06 mA | I21: =V21&" "&D21 -> 0.0059 mA | J21: =IF(W21<4,W21,"") | K21: 2 | L21: =Datasheet!L21 -> 0.06 | M21: 33 mA | N21: 0.018 | O21: 0.00025 | P21: =(ABS(C21)*N21*0.01)+O21 -> 0.00097 | Q21: =P21/2 -> 0.000485 | R21: =10^-K21 -> 0.01 | S21: =R21/SQRT(12) -> 0.0028867513 | T21: =SQRT(Q21^2+S21^2) -> 0.00292721 | U21: =T21*2 -> 0.00585442 | V21: =FIXED(U21,2-(1+INT(LOG10(ABS(U21)))),TRUE) -> 0.0059 | W21: =L21/V21 -> 10.169492
B22: =T(Datasheet!B22) | C22: =Datasheet!C22 -> 12 | D22: =(Datasheet!D22) -> mA | E22: =IF(Datasheet!E22="*","!","") | F22: =IF(CELL("type",Datasheet!F22)="v",FIXED(Datasheet!F22,K22,TRUE),T(Datasheet!F22)) | G22: =IF(CELL("type",Datasheet!G22)="v",FIXED(Datasheet!G22,K22,TRUE),T(Datasheet!G22)) -> N/A | H22: ="±"&FIXED(Datasheet!L22,K22)&" "&D22 -> ±0.07 mA | I22: =V22&" "&D22 -> 0.0063 mA | J22: =IF(W22<4,W22,"") | K22: 2 | L22: =Datasheet!L22 -> 0.07 | M22: 33 mA | N22: 0.018 | O22: 0.00025 | P22: =(ABS(C22)*N22*0.01)+O22 -> 0.00241 | Q22: =P22/2 -> 0.001205 | R22: =10^-K22 -> 0.01 | S22: =R22/SQRT(12) -> 0.0028867513 | T22: =SQRT(Q22^2+S22^2) -> 0.0031281557 | U22: =T22*2 -> 0.0062563115 | V22: =FIXED(U22,2-(1+INT(LOG10(ABS(U22)))),TRUE) -> 0.0063 | W22: =L22/V22 -> 11.111111
B23: =T(Datasheet!B23) | C23: =Datasheet!C23 -> -12 | D23: =(Datasheet!D23) -> mA | E23: =IF(Datasheet!E23="*","!","") | F23: =IF(CELL("type",Datasheet!F23)="v",FIXED(Datasheet!F23,K23,TRUE),T(Datasheet!F23)) | G23: =IF(CELL("type",Datasheet!G23)="v",FIXED(Datasheet!G23,K23,TRUE),T(Datasheet!G23)) -> N/A | H23: ="±"&FIXED(Datasheet!L23,K23)&" "&D23 -> ±0.07 mA | I23: =V23&" "&D23 -> 0.0063 mA | J23: =IF(W23<4,W23,"") | K23: 2 | L23: =Datasheet!L23 -> 0.07 | M23: 33 mA | N23: 0.018 | O23: 0.00025 | P23: =(ABS(C23)*N23*0.01)+O23 -> 0.00241 | Q23: =P23/2 -> 0.001205 | R23: =10^-K23 -> 0.01 | S23: =R23/SQRT(12) -> 0.0028867513 | T23: =SQRT(Q23^2+S23^2) -> 0.0031281557 | U23: =T23*2 -> 0.0062563115 | V23: =FIXED(U23,2-(1+INT(LOG10(ABS(U23)))),TRUE) -> 0.0063 | W23: =L23/V23 -> 11.111111
B24: =T(Datasheet!B24) | C24: =Datasheet!C24 -> 20 | D24: =(Datasheet!D24) -> mA | E24: =IF(Datasheet!E24="*","!","") | F24: =IF(CELL("type",Datasheet!F24)="v",FIXED(Datasheet!F24,K24,TRUE),T(Datasheet!F24)) | G24: =IF(CELL("type",Datasheet!G24)="v",FIXED(Datasheet!G24,K24,TRUE),T(Datasheet!G24)) -> N/A | H24: ="±"&FIXED(Datasheet!L24,K24)&" "&D24 -> ±0.09 mA | I24: =V24&" "&D24 -> 0.0069 mA | J24: =IF(W24<4,W24,"") | K24: 2 | L24: =Datasheet!L24 -> 0.09 | M24: 33 mA | N24: 0.018 | O24: 0.00025 | P24: =(ABS(C24)*N24*0.01)+O24 -> 0.00385 | Q24: =P24/2 -> 0.001925 | R24: =10^-K24 -> 0.01 | S24: =R24/SQRT(12) -> 0.0028867513 | T24: =SQRT(Q24^2+S24^2) -> 0.0034697202 | U24: =T24*2 -> 0.0069394404 | V24: =FIXED(U24,2-(1+INT(LOG10(ABS(U24)))),TRUE) -> 0.0069 | W24: =L24/V24 -> 13.043478
B25: =T(Datasheet!B25) | C25: =Datasheet!C25 -> -20 | D25: =(Datasheet!D25) -> mA | E25: =IF(Datasheet!E25="*","!","") | F25: =IF(CELL("type",Datasheet!F25)="v",FIXED(Datasheet!F25,K25,TRUE),T(Datasheet!F25)) | G25: =IF(CELL("type",Datasheet!G25)="v",FIXED(Datasheet!G25,K25,TRUE),T(Datasheet!G25)) -> N/A | H25: ="±"&FIXED(Datasheet!L25,K25)&" "&D25 -> ±0.09 mA | I25: =V25&" "&D25 -> 0.0069 mA | J25: =IF(W25<4,W25,"") | K25: 2 | L25: =Datasheet!L25 -> 0.09 | M25: 33 mA | N25: 0.018 | O25: 0.00025 | P25: =(ABS(C25)*N25*0.01)+O25 -> 0.00385 | Q25: =P25/2 -> 0.001925 | R25: =10^-K25 -> 0.01 | S25: =R25/SQRT(12) -> 0.0028867513 | T25: =SQRT(Q25^2+S25^2) -> 0.0034697202 | U25: =T25*2 -> 0.0069394404 | V25: =FIXED(U25,2-(1+INT(LOG10(ABS(U25)))),TRUE) -> 0.0069 | W25: =L25/V25 -> 13.043478
B26: =T(Datasheet!B26) | H26: =T(Datasheet!H26) -> ± 1.0% of RDG + 5D
B27: =T(Datasheet!B27) -> 99.9 mA | C27: =Datasheet!C27 -> 100 | D27: =(Datasheet!D27) -> mA | E27: =IF(Datasheet!E27="*","!","") | F27: =IF(CELL("type",Datasheet!F27)="v",FIXED(Datasheet!F27,K27,TRUE),T(Datasheet!F27)) | G27: =IF(CELL("type",Datasheet!G27)="v",FIXED(Datasheet!G27,K27,TRUE),T(Datasheet!G27)) -> N/A | H27: ="±"&FIXED(Datasheet!L27,K27)&" "&D27 -> ±1.5 mA | I27: =V27&" "&D27 -> 0.061 mA | J27: =IF(W27<4,W27,"") | K27: 1 | L27: =Datasheet!L27 -> 1.5 | M27: 330 mA | N27: 0.018 | O27: 0.0025 | P27: =(ABS(C27)*N27*0.01)+O27 -> 0.0205 | Q27: =P27/2 -> 0.01025 | R27: =10^-K27 -> 0.1 | S27: =R27/SQRT(12) -> 0.028867513 | T27: =SQRT(Q27^2+S27^2) -> 0.030633247 | U27: =T27*2 -> 0.061266494 | V27: =FIXED(U27,2-(1+INT(LOG10(ABS(U27)))),TRUE) -> 0.061 | W27: =L27/V27 -> 24.590164
B28: =T(Datasheet!B28) | C28: =Datasheet!C28 -> -100 | D28: =(Datasheet!D28) -> mA | E28: =IF(Datasheet!E28="*","!","") | F28: =IF(CELL("type",Datasheet!F28)="v",FIXED(Datasheet!F28,K28,TRUE),T(Datasheet!F28)) | G28: =IF(CELL("type",Datasheet!G28)="v",FIXED(Datasheet!G28,K28,TRUE),T(Datasheet!G28)) -> N/A | H28: ="±"&FIXED(Datasheet!L28,K28)&" "&D28 -> ±1.5 mA | I28: =V28&" "&D28 -> 0.061 mA | J28: =IF(W28<4,W28,"") | K28: 1 | L28: =Datasheet!L28 -> 1.5 | M28: 330 mA | N28: 0.018 | O28: 0.0025 | P28: =(ABS(C28)*N28*0.01)+O28 -> 0.0205 | Q28: =P28/2 -> 0.01025 | R28: =10^-K28 -> 0.1 | S28: =R28/SQRT(12) -> 0.028867513 | T28: =SQRT(Q28^2+S28^2) -> 0.030633247 | U28: =T28*2 -> 0.061266494 | V28: =FIXED(U28,2-(1+INT(LOG10(ABS(U28)))),TRUE) -> 0.061 | W28: =L28/V28 -> 24.590164
B29: End of Report | M29: (33 to 330) mA | N29: 0.018% + 2.5 µA
